index,type,fitness,vehicle,distance,satisfaction
1,定向,10682.2334,13,2004.117,67.93
2,定向,10340.118,12,1850.059,68.0
3,定向,10154.1375,13,2180.069,72.33
4,定向,10154.1375,13,2180.069,72.33
5,定向,10154.1375,13,2180.069,72.33
6,定向,10154.1375,13,2180.069,72.33
7,定向,10154.1375,13,2180.069,72.33
8,定向,10107.6443,13,1996.822,70.73
9,定向,10107.6443,13,1996.822,70.73
10,定向,10051.5265,12,1858.763,69.53
11,定向,10051.5265,12,1858.763,69.53
12,定向,9942.4251,12,1891.213,70.4
13,定向,9799.9329,12,1912.966,71.33
14,定向,9634.1461,12,1890.073,71.93
15,定向,9634.1461,12,1890.073,71.93
16,定向,9634.1461,12,1890.073,71.93
17,定向,9634.1461,12,1890.073,71.93
18,定向,9634.1461,12,1890.073,71.93
19,定向,9552.3662,13,1993.183,73.47
20,定向,9552.3662,13,1993.183,73.47
21,定向,9552.3662,13,1993.183,73.47
22,定向,9532.1548,12,1966.077,73.2
23,定向,9532.1548,12,1966.077,73.2
24,定向,9451.2071,12,1945.604,73.4
25,定向,9451.2071,12,1945.604,73.4
26,定向,9451.2071,12,1945.604,73.4
27,定向,9255.7409,12,2087.87,75.8
28,定向,9255.7409,12,2087.87,75.8
29,定向,9255.7409,12,2087.87,75.8
30,定向,9068.0276,12,2081.014,76.67
31,定向,9068.0276,12,2081.014,76.67
32,定向,9068.0276,12,2081.014,76.67
33,定向,9068.0276,12,2081.014,76.67
34,定向,9068.0276,12,2081.014,76.67
35,定向,9001.8087,12,1967.904,75.87
36,定向,9001.8087,12,1967.904,75.87
37,定向,8713.7874,12,2009.894,77.73
38,定向,8713.7874,12,2009.894,77.73
39,定向,8508.9787,12,2021.489,78.87
40,定向,8508.9787,12,2021.489,78.87
41,定向,8433.5723,12,2049.786,79.53
42,定向,8323.2654,12,2014.633,79.73
43,定向,8302.1828,12,2058.091,80.27
44,定向,8116.4694,12,2051.235,81.13
45,定向,8116.4694,12,2051.235,81.13
46,定向,8102.5643,12,2044.282,81.13
47,定向,7949.0032,12,2054.502,82.0
48,定向,7949.0032,12,2054.502,82.0
49,定向,7949.0032,12,2054.502,82.0
50,定向,7935.0981,12,2047.549,82.0
51,定向,7934.6947,12,2054.347,82.07
52,定向,7934.6947,12,2054.347,82.07
53,定向,7858.0353,12,2009.018,82.0
54,定向,7858.0353,12,2009.018,82.0
55,定向,7857.6318,12,2015.816,82.07
56,定向,7842.6072,12,2001.304,82.0
57,定向,7828.9496,12,2001.475,82.07
58,定向,7826.001,12,1993.0,82.0
59,定向,7825.5976,12,1999.799,82.07
60,定向,7825.5099,12,1999.755,82.07
61,定向,7823.6719,12,1998.836,82.07
62,定向,7792.0411,12,1976.021,82.0
63,定向,7791.6376,12,1982.819,82.07
64,定向,7791.6376,12,1982.819,82.07
65,定向,7791.6376,12,1982.819,82.07
66,定向,7786.7158,12,1966.358,81.93
67,定向,7784.912,12,1965.456,81.93
68,定向,7776.1523,12,1968.076,82.0
69,定向,7775.7489,12,1974.874,82.07
70,定向,7757.3999,12,1951.7,81.93
71,定向,7757.3999,12,1951.7,81.93
72,定向,7742.6829,12,1944.341,81.93
73,定向,7737.4389,12,1948.719,82.0
74,定向,7729.4796,12,1944.74,82.0
75,定向,7729.3919,12,1944.696,82.0
76,定向,7704.6084,12,1925.304,81.93
77,定向,7658.9564,12,1909.478,82.0
78,定向,7658.9564,12,1909.478,82.0
79,定向,7622.0537,12,1891.027,82.0
80,定向,7622.0537,12,1891.027,82.0
81,定向,7622.0537,12,1891.027,82.0
82,定向,7622.0537,12,1891.027,82.0
83,定向,7618.1569,12,1889.078,82.0
84,定向,7618.1569,12,1889.078,82.0
85,定向,7618.1569,12,1889.078,82.0
86,定向,7618.1569,12,1889.078,82.0
87,定向,7618.1569,12,1889.078,82.0
88,定向,7601.8203,12,1907.91,82.27
89,定向,7565.0709,12,1909.535,82.47
90,定向,7565.0709,12,1909.535,82.47
91,定向,7565.0709,12,1909.535,82.47
92,定向,7565.0709,12,1909.535,82.47
93,定向,7565.0709,12,1909.535,82.47
94,定向,7564.2962,12,1922.148,82.6
95,定向,7564.2962,12,1922.148,82.6
96,定向,7564.2962,12,1922.148,82.6
97,定向,7564.2962,12,1922.148,82.6
98,定向,7463.858,12,1891.929,82.8
99,定向,7463.858,12,1891.929,82.8
100,定向,7463.858,12,1891.929,82.8
101,定向,7463.858,12,1891.929,82.8
102,定向,7463.858,12,1891.929,82.8
103,定向,7455.7087,12,1887.854,82.8
104,定向,7386.1,12,1893.05,83.2
105,定向,7358.4124,12,1879.206,83.2
106,定向,7358.4124,12,1879.206,83.2
107,定向,7358.4124,12,1879.206,83.2
108,定向,7358.4124,12,1879.206,83.2
109,定向,7355.2931,12,1877.647,83.2
110,定向,7345.7647,12,1872.882,83.2
111,定向,7345.7647,12,1872.882,83.2
112,定向,7345.7647,12,1872.882,83.2
113,定向,7342.6455,12,1871.323,83.2
114,定向,7342.6455,12,1871.323,83.2
115,定向,7342.6455,12,1871.323,83.2
116,定向,7342.6455,12,1871.323,83.2
117,定向,7330.9821,12,1852.491,83.07
118,定向,7330.9821,12,1852.491,83.07
119,定向,7330.9821,12,1852.491,83.07
120,定向,7330.9821,12,1852.491,83.07
121,定向,7330.9821,12,1852.491,83.07
122,定向,7330.9821,12,1852.491,83.07
123,定向,7330.9821,12,1852.491,83.07
124,定向,7330.9821,12,1852.491,83.07
125,定向,7330.9821,12,1852.491,83.07
126,定向,7330.9821,12,1852.491,83.07
127,定向,7330.9821,12,1852.491,83.07
128,定向,7328.0698,12,1851.035,83.07
129,定向,7328.0698,12,1851.035,83.07
130,定向,7328.0698,12,1851.035,83.07
131,定向,7320.3932,12,1847.197,83.07
132,定向,7317.3926,12,1845.696,83.07
133,定向,7310.5891,12,1842.295,83.07
134,定向,7310.5891,12,1842.295,83.07
135,定向,7310.5891,12,1842.295,83.07
136,定向,7310.5891,12,1842.295,83.07
137,定向,7292.2796,12,1846.14,83.2
138,定向,7292.2796,12,1846.14,83.2
139,定向,7285.4761,12,1842.738,83.2
140,定向,7285.4761,12,1842.738,83.2
141,定向,7283.1289,12,1841.564,83.2
142,定向,7283.1289,12,1841.564,83.2
143,定向,7283.1289,12,1841.564,83.2
144,定向,7278.0157,12,1839.008,83.2
145,定向,7278.0157,12,1839.008,83.2
146,定向,7275.339,12,1837.67,83.2
147,定向,7275.339,12,1837.67,83.2
148,定向,7270.2258,12,1835.113,83.2
149,定向,7232.9312,12,1816.466,83.2
150,定向,7232.9312,12,1816.466,83.2
151,定向,7225.1413,12,1812.571,83.2
152,定向,7225.1413,12,1812.571,83.2
153,定向,7221.3045,12,1810.652,83.2
154,定向,7221.3045,12,1810.652,83.2
155,定向,7221.3045,12,1810.652,83.2
156,定向,7213.5146,12,1806.757,83.2
157,定向,7213.5146,12,1806.757,83.2
158,定向,7213.5146,12,1806.757,83.2
159,定向,7213.5146,12,1806.757,83.2
160,定向,7213.5146,12,1806.757,83.2
161,定向,7213.5146,12,1806.757,83.2
162,定向,7213.5146,12,1806.757,83.2
163,定向,7213.5146,12,1806.757,83.2
164,定向,7213.5146,12,1806.757,83.2
165,定向,7213.5146,12,1806.757,83.2
166,定向,7213.5146,12,1806.757,83.2
167,定向,7199.736,12,1799.868,83.2
168,定向,7199.736,12,1799.868,83.2
169,定向,7199.736,12,1799.868,83.2
170,定向,7199.736,12,1799.868,83.2
171,定向,7199.736,12,1799.868,83.2
172,定向,7199.736,12,1799.868,83.2
173,定向,7199.736,12,1799.868,83.2
174,定向,7199.736,12,1799.868,83.2
175,定向,7199.736,12,1799.868,83.2
176,定向,7199.736,12,1799.868,83.2
177,定向,7199.736,12,1799.868,83.2
178,定向,7199.736,12,1799.868,83.2
179,定向,7199.736,12,1799.868,83.2
180,定向,7199.736,12,1799.868,83.2
181,定向,7199.736,12,1799.868,83.2
182,定向,7199.736,12,1799.868,83.2
183,定向,7199.736,12,1799.868,83.2
184,定向,7199.736,12,1799.868,83.2
185,定向,7199.736,12,1799.868,83.2
186,定向,7199.736,12,1799.868,83.2
187,定向,7199.736,12,1799.868,83.2
188,定向,7199.736,12,1799.868,83.2
189,定向,7199.736,12,1799.868,83.2
190,定向,7176.3088,12,1788.154,83.2
191,定向,7176.3088,12,1788.154,83.2
192,定向,7176.3088,12,1788.154,83.2
193,定向,7176.3088,12,1788.154,83.2
194,定向,7176.3088,12,1788.154,83.2
195,定向,7176.3088,12,1788.154,83.2
196,定向,7176.3088,12,1788.154,83.2
197,定向,7148.9565,12,1801.478,83.47
198,定向,7148.9565,12,1801.478,83.47
199,定向,7148.9565,12,1801.478,83.47
200,定向,7146.0582,12,1800.029,83.47
201,定向,7146.0582,12,1800.029,83.47
202,定向,7125.3274,12,1762.664,83.2
203,定向,7125.3274,12,1762.664,83.2
204,定向,7125.3274,12,1762.664,83.2
205,定向,7125.3274,12,1762.664,83.2
206,定向,7109.0287,12,1821.514,83.87
207,定向,7109.0287,12,1821.514,83.87
208,定向,7109.0287,12,1821.514,83.87
209,定向,7109.0287,12,1821.514,83.87
210,定向,7109.0287,12,1821.514,83.87
211,定向,7109.0287,12,1821.514,83.87
212,定向,7109.0287,12,1821.514,83.87
213,定向,7109.0287,12,1821.514,83.87
214,定向,7109.0287,12,1821.514,83.87
215,定向,7109.0287,12,1821.514,83.87
216,定向,7109.0287,12,1821.514,83.87
217,定向,7109.0287,12,1821.514,83.87
218,定向,7109.0287,12,1821.514,83.87
219,定向,7109.0287,12,1821.514,83.87
220,定向,7109.0287,12,1821.514,83.87
221,定向,7109.0287,12,1821.514,83.87
222,定向,7042.1863,12,1768.093,83.67
223,定向,7042.1863,12,1768.093,83.67
224,定向,7042.1863,12,1768.093,83.67
225,定向,7042.1863,12,1768.093,83.67
226,定向,7042.1863,12,1768.093,83.67
227,定向,7037.3973,12,1771.699,83.73
228,定向,7037.3973,12,1771.699,83.73
229,定向,7037.3973,12,1771.699,83.73
230,定向,7037.3973,12,1771.699,83.73
231,定向,7037.3973,12,1771.699,83.73
232,定向,7037.3973,12,1771.699,83.73
233,定向,7037.3973,12,1771.699,83.73
234,定向,7037.3973,12,1771.699,83.73
235,定向,7036.9731,12,1771.487,83.73
236,定向,7036.9731,12,1771.487,83.73
237,定向,7036.9731,12,1771.487,83.73
238,定向,7036.9731,12,1771.487,83.73
239,定向,7036.9731,12,1771.487,83.73
240,定向,7036.9731,12,1771.487,83.73
241,定向,7036.9731,12,1771.487,83.73
242,定向,7036.9731,12,1771.487,83.73
243,定向,7036.9731,12,1771.487,83.73
244,定向,7036.9731,12,1771.487,83.73
245,定向,7018.0932,12,1789.047,84.0
246,定向,6979.8389,12,1776.919,84.07
247,定向,6979.8389,12,1776.919,84.07
248,定向,6979.8389,12,1776.919,84.07
249,定向,6979.8389,12,1776.919,84.07
250,定向,6979.8389,12,1776.919,84.07
251,定向,6979.8389,12,1776.919,84.07
252,定向,6979.8389,12,1776.919,84.07
253,定向,6979.8389,12,1776.919,84.07
254,定向,6844.9441,12,1795.472,84.93
255,定向,6844.9441,12,1795.472,84.93
256,定向,6746.1727,12,1853.086,86.0
257,定向,6746.1727,12,1853.086,86.0
258,定向,6746.1727,12,1853.086,86.0
259,定向,6609.278,12,1871.639,86.87
260,定向,6609.278,12,1871.639,86.87
261,定向,6609.278,12,1871.639,86.87
262,定向,6609.278,12,1871.639,86.87
263,定向,6609.278,12,1871.639,86.87
264,定向,6609.278,12,1871.639,86.87
265,定向,6609.278,12,1871.639,86.87
266,定向,6609.278,12,1871.639,86.87
267,定向,6609.278,12,1871.639,86.87
268,定向,6609.278,12,1871.639,86.87
269,定向,6608.6864,12,1871.343,86.87
270,定向,6608.6864,12,1871.343,86.87
271,定向,6608.6864,12,1871.343,86.87
272,定向,6608.6864,12,1871.343,86.87
273,定向,6608.6864,12,1871.343,86.87
274,定向,6608.6864,12,1871.343,86.87
275,定向,6608.6864,12,1871.343,86.87
276,定向,6608.6864,12,1871.343,86.87
277,定向,6608.6864,12,1871.343,86.87
278,定向,6608.6864,12,1871.343,86.87
279,定向,6608.6864,12,1871.343,86.87
280,定向,6608.6864,12,1871.343,86.87
281,定向,6608.6864,12,1871.343,86.87
282,定向,6608.6864,12,1871.343,86.87
283,定向,6608.6864,12,1871.343,86.87
284,定向,6608.6864,12,1871.343,86.87
285,定向,6608.6864,12,1871.343,86.87
286,定向,6608.6864,12,1871.343,86.87
287,定向,6608.6864,12,1871.343,86.87
288,定向,6608.6864,12,1871.343,86.87
289,定向,6608.6864,12,1871.343,86.87
290,定向,6608.6864,12,1871.343,86.87
291,定向,6608.6864,12,1871.343,86.87
292,定向,6608.6864,12,1871.343,86.87
293,定向,6608.6864,12,1871.343,86.87
294,定向,6608.6864,12,1871.343,86.87
295,定向,6608.6864,12,1871.343,86.87
296,定向,6608.6864,12,1871.343,86.87
297,定向,6608.6864,12,1871.343,86.87
298,定向,6608.6864,12,1871.343,86.87
299,定向,6608.6864,12,1871.343,86.87
300,定向,6608.6864,12,1871.343,86.87
301,定向,6608.6864,12,1871.343,86.87
302,定向,6608.6864,12,1871.343,86.87
303,定向,6608.6864,12,1871.343,86.87
304,定向,6608.6864,12,1871.343,86.87
305,定向,6590.6864,12,1875.343,87.0
306,定向,6590.6864,12,1875.343,87.0
307,定向,6590.6864,12,1875.343,87.0
308,定向,6590.6864,12,1875.343,87.0
309,定向,6590.6864,12,1875.343,87.0
310,定向,6590.6864,12,1875.343,87.0
311,定向,6590.6864,12,1875.343,87.0
312,定向,6590.6864,12,1875.343,87.0
313,定向,6590.6864,12,1875.343,87.0
314,定向,6590.6864,12,1875.343,87.0
315,定向,6584.7232,12,1872.362,87.0
316,定向,6584.7232,12,1872.362,87.0
317,定向,6584.7232,12,1872.362,87.0
318,定向,6584.7232,12,1872.362,87.0
319,定向,6584.7232,12,1872.362,87.0
320,定向,6584.7232,12,1872.362,87.0
321,定向,6584.7232,12,1872.362,87.0
322,定向,6584.7232,12,1872.362,87.0
323,定向,6584.7232,12,1872.362,87.0
324,定向,6584.7232,12,1872.362,87.0
325,定向,6584.7232,12,1872.362,87.0
326,定向,6584.7232,12,1872.362,87.0
327,定向,6584.7232,12,1872.362,87.0
328,定向,6584.7232,12,1872.362,87.0
329,定向,6584.7232,12,1872.362,87.0
330,定向,6584.7232,12,1872.362,87.0
331,定向,6579.9529,12,1869.976,87.0
332,定向,6579.9529,12,1869.976,87.0
333,定向,6579.9529,12,1869.976,87.0
334,定向,6579.9529,12,1869.976,87.0
335,定向,6579.9529,12,1869.976,87.0
336,定向,6579.9529,12,1869.976,87.0
337,定向,6579.9529,12,1869.976,87.0
338,定向,6579.9529,12,1869.976,87.0
339,定向,6579.9529,12,1869.976,87.0
340,定向,6579.9529,12,1869.976,87.0
341,定向,6579.9529,12,1869.976,87.0
342,定向,6579.9529,12,1869.976,87.0
343,定向,6579.9529,12,1869.976,87.0
344,定向,6579.9529,12,1869.976,87.0
345,定向,6556.653,12,1858.327,87.0
346,定向,6556.653,12,1858.327,87.0
347,定向,6556.653,12,1858.327,87.0
348,定向,6556.653,12,1858.327,87.0
349,定向,6556.653,12,1858.327,87.0
350,定向,6556.653,12,1858.327,87.0
351,定向,6556.653,12,1858.327,87.0
352,定向,6556.653,12,1858.327,87.0
353,定向,6556.653,12,1858.327,87.0
354,定向,6556.653,12,1858.327,87.0
355,定向,6548.7044,12,1854.352,87.0
356,定向,6548.7044,12,1854.352,87.0
357,定向,6548.7044,12,1854.352,87.0
358,定向,6548.7044,12,1854.352,87.0
359,定向,6548.7044,12,1854.352,87.0
360,定向,6548.7044,12,1854.352,87.0
361,定向,6548.7044,12,1854.352,87.0
362,定向,6548.7044,12,1854.352,87.0
363,定向,6548.7044,12,1854.352,87.0
364,定向,6548.7044,12,1854.352,87.0
365,定向,6548.7044,12,1854.352,87.0
366,定向,6548.7044,12,1854.352,87.0
367,定向,6548.7044,12,1854.352,87.0
368,定向,6548.7044,12,1854.352,87.0
369,定向,6541.7848,12,1850.892,87.0
370,定向,6541.7848,12,1850.892,87.0
371,定向,6541.7848,12,1850.892,87.0
372,定向,6541.7848,12,1850.892,87.0
373,定向,6541.7848,12,1850.892,87.0
374,定向,6541.7848,12,1850.892,87.0
375,定向,6541.7848,12,1850.892,87.0
376,定向,6541.7848,12,1850.892,87.0
377,定向,6528.5787,12,1844.289,87.0
378,定向,6528.5787,12,1844.289,87.0
379,定向,6528.5787,12,1844.289,87.0
380,定向,6528.5787,12,1844.289,87.0
381,定向,6528.5787,12,1844.289,87.0
382,定向,6528.5787,12,1844.289,87.0
383,定向,6528.5787,12,1844.289,87.0
384,定向,6528.5787,12,1844.289,87.0
385,定向,6528.5787,12,1844.289,87.0
386,定向,6528.5787,12,1844.289,87.0
387,定向,6528.5787,12,1844.289,87.0
388,定向,6528.5787,12,1844.289,87.0
389,定向,6528.5787,12,1844.289,87.0
390,定向,6528.5787,12,1844.289,87.0
391,定向,6528.5787,12,1844.289,87.0
392,定向,6528.5787,12,1844.289,87.0
393,定向,6528.5787,12,1844.289,87.0
394,定向,6524.5433,12,1842.272,87.0
395,定向,6444.4521,12,1802.226,87.0
396,定向,6444.4521,12,1802.226,87.0
397,定向,6444.4521,12,1802.226,87.0
398,定向,6444.4521,12,1802.226,87.0
399,定向,6440.4167,12,1800.208,87.0
400,定向,6440.4167,12,1800.208,87.0
401,定向,6440.4167,12,1800.208,87.0
402,定向,6440.4167,12,1800.208,87.0
403,定向,6440.4167,12,1800.208,87.0
404,定向,6440.4167,12,1800.208,87.0
405,定向,6440.4167,12,1800.208,87.0
406,定向,6440.4167,12,1800.208,87.0
407,定向,6440.4167,12,1800.208,87.0
408,定向,6440.4167,12,1800.208,87.0
409,定向,6440.4167,12,1800.208,87.0
410,定向,6440.4167,12,1800.208,87.0
411,定向,6440.4167,12,1800.208,87.0
412,定向,6440.4167,12,1800.208,87.0
413,定向,6440.4167,12,1800.208,87.0
414,定向,6440.4167,12,1800.208,87.0
415,定向,6440.4167,12,1800.208,87.0
416,定向,6440.4167,12,1800.208,87.0
417,定向,6440.4167,12,1800.208,87.0
418,定向,6440.4167,12,1800.208,87.0
419,定向,6440.4167,12,1800.208,87.0
420,定向,6440.4167,12,1800.208,87.0
421,定向,6440.4167,12,1800.208,87.0
422,定向,6440.4167,12,1800.208,87.0
423,定向,6440.4167,12,1800.208,87.0
424,定向,6440.4167,12,1800.208,87.0
425,定向,6440.4167,12,1800.208,87.0
426,定向,6440.4167,12,1800.208,87.0
427,定向,6440.4167,12,1800.208,87.0
428,定向,6440.4167,12,1800.208,87.0
429,定向,6440.4167,12,1800.208,87.0
430,定向,6440.4167,12,1800.208,87.0
431,定向,6440.4167,12,1800.208,87.0
432,定向,6440.4167,12,1800.208,87.0
433,定向,6440.4167,12,1800.208,87.0
434,定向,6440.4167,12,1800.208,87.0
435,定向,6440.4167,12,1800.208,87.0
436,定向,6440.4167,12,1800.208,87.0
437,定向,6430.3607,12,1795.18,87.0
438,定向,6430.3607,12,1795.18,87.0
439,定向,6430.3607,12,1795.18,87.0
440,定向,6430.3607,12,1795.18,87.0
441,定向,6430.3607,12,1795.18,87.0
442,定向,6429.7969,12,1794.898,87.0
443,定向,6429.7969,12,1794.898,87.0
444,定向,6429.7969,12,1794.898,87.0
445,定向,6429.7969,12,1794.898,87.0
446,定向,6429.7969,12,1794.898,87.0
447,定向,6429.7969,12,1794.898,87.0
448,定向,6429.7969,12,1794.898,87.0
449,定向,6429.7969,12,1794.898,87.0
450,定向,6429.7969,12,1794.898,87.0
451,定向,6429.7969,12,1794.898,87.0
452,定向,6426.0746,12,1793.037,87.0
453,定向,6426.0746,12,1793.037,87.0
454,定向,6426.0746,12,1793.037,87.0
455,定向,6426.0746,12,1793.037,87.0
456,定向,6426.0746,12,1793.037,87.0
457,定向,6426.0746,12,1793.037,87.0
458,定向,6426.0746,12,1793.037,87.0
459,定向,6426.0746,12,1793.037,87.0
460,定向,6426.0746,12,1793.037,87.0
461,定向,6426.0746,12,1793.037,87.0
462,定向,6426.0746,12,1793.037,87.0
463,定向,6426.0746,12,1793.037,87.0
464,定向,6426.0746,12,1793.037,87.0
465,定向,6426.0746,12,1793.037,87.0
466,定向,6426.0746,12,1793.037,87.0
467,定向,6426.0746,12,1793.037,87.0
468,定向,6426.0746,12,1793.037,87.0
469,定向,6426.0746,12,1793.037,87.0
470,定向,6426.0746,12,1793.037,87.0
471,定向,6426.0746,12,1793.037,87.0
472,定向,6426.0746,12,1793.037,87.0
473,定向,6426.0746,12,1793.037,87.0
474,定向,6426.0746,12,1793.037,87.0
475,定向,6426.0746,12,1793.037,87.0
476,定向,6426.0746,12,1793.037,87.0
477,定向,6426.0746,12,1793.037,87.0
478,定向,6426.0746,12,1793.037,87.0
479,定向,6414.0701,12,1800.035,87.13
480,定向,6414.0701,12,1800.035,87.13
481,定向,6414.0701,12,1800.035,87.13
482,定向,6414.0701,12,1800.035,87.13
483,定向,6414.0701,12,1800.035,87.13
484,定向,6414.0701,12,1800.035,87.13
485,定向,6414.0701,12,1800.035,87.13
486,定向,6414.0701,12,1800.035,87.13
487,定向,6414.0701,12,1800.035,87.13
488,定向,6414.0701,12,1800.035,87.13
489,定向,6414.0701,12,1800.035,87.13
490,定向,6414.0701,12,1800.035,87.13
491,定向,6414.0701,12,1800.035,87.13
492,定向,6414.0701,12,1800.035,87.13
493,定向,6414.0701,12,1800.035,87.13
494,定向,6414.0701,12,1800.035,87.13
495,定向,6414.0701,12,1800.035,87.13
496,定向,6414.0701,12,1800.035,87.13
497,定向,6414.0701,12,1800.035,87.13
498,定向,6414.0701,12,1800.035,87.13
499,定向,6414.0701,12,1800.035,87.13
500,定向,6414.0701,12,1800.035,87.13
501,定向,6414.0701,12,1800.035,87.13
502,定向,6414.0701,12,1800.035,87.13
503,定向,6414.0701,12,1800.035,87.13
504,定向,6414.0701,12,1800.035,87.13
505,定向,6414.0701,12,1800.035,87.13
506,定向,6414.0701,12,1800.035,87.13
507,定向,6414.0701,12,1800.035,87.13
508,定向,6414.0701,12,1800.035,87.13
509,定向,6414.0701,12,1800.035,87.13
510,定向,6414.0701,12,1800.035,87.13
511,定向,6414.0701,12,1800.035,87.13
512,定向,6414.0701,12,1800.035,87.13
513,定向,6414.0701,12,1800.035,87.13
514,定向,6414.0701,12,1800.035,87.13
515,定向,6414.0701,12,1800.035,87.13
516,定向,6414.0701,12,1800.035,87.13
517,定向,6414.0701,12,1800.035,87.13
518,定向,6414.0701,12,1800.035,87.13
519,定向,6414.0701,12,1800.035,87.13
520,定向,6402.9409,12,1794.47,87.13
521,定向,6402.9409,12,1794.47,87.13
522,定向,6402.9409,12,1794.47,87.13
523,定向,6402.9409,12,1794.47,87.13
524,定向,6400.855,12,1793.428,87.13
525,定向,6400.855,12,1793.428,87.13
526,定向,6400.855,12,1793.428,87.13
527,定向,6399.9748,12,1799.987,87.2
528,定向,6399.9748,12,1799.987,87.2
529,定向,6399.9748,12,1799.987,87.2
530,定向,6399.9748,12,1799.987,87.2
531,定向,6399.9748,12,1799.987,87.2
532,定向,6399.9748,12,1799.987,87.2
533,定向,6399.9748,12,1799.987,87.2
534,定向,6399.9748,12,1799.987,87.2
535,定向,6399.9748,12,1799.987,87.2
536,定向,6399.9748,12,1799.987,87.2
537,定向,6399.9748,12,1799.987,87.2
538,定向,6399.9748,12,1799.987,87.2
539,定向,6399.9748,12,1799.987,87.2
540,定向,6399.9748,12,1799.987,87.2
541,定向,6399.9748,12,1799.987,87.2
542,定向,6399.9748,12,1799.987,87.2
543,定向,6399.9748,12,1799.987,87.2
544,定向,6399.9748,12,1799.987,87.2
545,定向,6399.9748,12,1799.987,87.2
546,定向,6399.9748,12,1799.987,87.2
547,定向,6399.9748,12,1799.987,87.2
548,定向,6399.9748,12,1799.987,87.2
549,定向,6399.9748,12,1799.987,87.2
550,定向,6399.9748,12,1799.987,87.2
551,定向,6399.9748,12,1799.987,87.2
552,定向,6399.9748,12,1799.987,87.2
553,定向,6399.9748,12,1799.987,87.2
554,定向,6399.9748,12,1799.987,87.2
555,定向,6399.9748,12,1799.987,87.2
556,定向,6399.9748,12,1799.987,87.2
557,定向,6399.9748,12,1799.987,87.2
558,定向,6399.9748,12,1799.987,87.2
559,定向,6399.9748,12,1799.987,87.2
560,定向,6399.9748,12,1799.987,87.2
561,定向,6399.9748,12,1799.987,87.2
562,定向,6399.9748,12,1799.987,87.2
563,定向,6399.9748,12,1799.987,87.2
564,定向,6399.9748,12,1799.987,87.2
565,定向,6399.9748,12,1799.987,87.2
566,定向,6399.9748,12,1799.987,87.2
567,定向,6399.9748,12,1799.987,87.2
568,定向,6399.9748,12,1799.987,87.2
569,定向,6399.9748,12,1799.987,87.2
570,定向,6399.9748,12,1799.987,87.2
571,定向,6399.9748,12,1799.987,87.2
572,定向,6399.9748,12,1799.987,87.2
573,定向,6399.9748,12,1799.987,87.2
574,定向,6399.9748,12,1799.987,87.2
575,定向,6399.9748,12,1799.987,87.2
576,定向,6399.9748,12,1799.987,87.2
577,定向,6399.9748,12,1799.987,87.2
578,定向,6399.9748,12,1799.987,87.2
579,定向,6399.9748,12,1799.987,87.2
580,定向,6399.9748,12,1799.987,87.2
581,定向,6399.9748,12,1799.987,87.2
582,定向,6399.9748,12,1799.987,87.2
583,定向,6399.9748,12,1799.987,87.2
584,定向,6399.9748,12,1799.987,87.2
585,定向,6399.9748,12,1799.987,87.2
586,定向,6399.9748,12,1799.987,87.2
587,定向,6399.9748,12,1799.987,87.2
588,定向,6399.9748,12,1799.987,87.2
589,定向,6399.9748,12,1799.987,87.2
590,定向,6399.9748,12,1799.987,87.2
591,定向,6399.9748,12,1799.987,87.2
592,定向,6399.9748,12,1799.987,87.2
593,定向,6399.9748,12,1799.987,87.2
594,定向,6399.9748,12,1799.987,87.2
595,定向,6399.9748,12,1799.987,87.2
596,定向,6399.9748,12,1799.987,87.2
597,定向,6399.9748,12,1799.987,87.2
598,定向,6399.9748,12,1799.987,87.2
599,定向,6399.9748,12,1799.987,87.2
600,定向,6399.9748,12,1799.987,87.2
601,定向,6399.9748,12,1799.987,87.2
602,定向,6399.9748,12,1799.987,87.2
603,定向,6399.9748,12,1799.987,87.2
604,定向,6399.9748,12,1799.987,87.2
605,定向,6399.9748,12,1799.987,87.2
606,定向,6399.9748,12,1799.987,87.2
607,定向,6399.9748,12,1799.987,87.2
608,定向,6399.9748,12,1799.987,87.2
609,定向,6399.9748,12,1799.987,87.2
610,定向,6399.9748,12,1799.987,87.2
611,定向,6399.9748,12,1799.987,87.2
612,定向,6399.9748,12,1799.987,87.2
613,定向,6399.9748,12,1799.987,87.2
614,定向,6399.9748,12,1799.987,87.2
615,定向,6399.9748,12,1799.987,87.2
616,定向,6399.9748,12,1799.987,87.2
617,定向,6399.9748,12,1799.987,87.2
618,定向,6399.9748,12,1799.987,87.2
619,定向,6399.9748,12,1799.987,87.2
620,定向,6399.9748,12,1799.987,87.2
621,定向,6399.9748,12,1799.987,87.2
622,定向,6399.9748,12,1799.987,87.2
623,定向,6399.9748,12,1799.987,87.2
624,定向,6399.9748,12,1799.987,87.2
625,定向,6399.9748,12,1799.987,87.2
626,定向,6399.9748,12,1799.987,87.2
627,定向,6399.9748,12,1799.987,87.2
628,定向,6399.9748,12,1799.987,87.2
629,定向,6399.9748,12,1799.987,87.2
630,定向,6399.9748,12,1799.987,87.2
631,定向,6399.9748,12,1799.987,87.2
632,定向,6399.9748,12,1799.987,87.2
633,定向,6399.9748,12,1799.987,87.2
634,定向,6399.9748,12,1799.987,87.2
635,定向,6399.9748,12,1799.987,87.2
636,定向,6399.9748,12,1799.987,87.2
637,定向,6399.9748,12,1799.987,87.2
638,定向,6399.9748,12,1799.987,87.2
639,定向,6399.9748,12,1799.987,87.2
640,定向,6399.9748,12,1799.987,87.2
641,定向,6399.9748,12,1799.987,87.2
642,定向,6399.9748,12,1799.987,87.2
643,定向,6399.9748,12,1799.987,87.2
644,定向,6399.9748,12,1799.987,87.2
645,定向,6399.9748,12,1799.987,87.2
646,定向,6399.9748,12,1799.987,87.2
647,定向,6399.9748,12,1799.987,87.2
648,定向,6399.9748,12,1799.987,87.2
649,定向,6399.9748,12,1799.987,87.2
650,定向,6399.9748,12,1799.987,87.2
651,定向,6399.9748,12,1799.987,87.2
652,定向,6399.9748,12,1799.987,87.2
653,定向,6399.9748,12,1799.987,87.2
654,定向,6399.9748,12,1799.987,87.2
655,定向,6399.9748,12,1799.987,87.2
656,定向,6399.9748,12,1799.987,87.2
657,定向,6399.9748,12,1799.987,87.2
658,定向,6399.9748,12,1799.987,87.2
659,定向,6399.9748,12,1799.987,87.2
660,定向,6399.9748,12,1799.987,87.2
661,定向,6399.9748,12,1799.987,87.2
662,定向,6399.9748,12,1799.987,87.2
663,定向,6399.9748,12,1799.987,87.2
664,定向,6399.9748,12,1799.987,87.2
665,定向,6399.9748,12,1799.987,87.2
666,定向,6399.9748,12,1799.987,87.2
667,定向,6399.9748,12,1799.987,87.2
668,定向,6399.9748,12,1799.987,87.2
669,定向,6399.9748,12,1799.987,87.2
670,定向,6399.9748,12,1799.987,87.2
671,定向,6399.9748,12,1799.987,87.2
672,定向,6399.9748,12,1799.987,87.2
673,定向,6399.9748,12,1799.987,87.2
674,定向,6399.9748,12,1799.987,87.2
675,定向,6399.9748,12,1799.987,87.2
676,定向,6399.9748,12,1799.987,87.2
677,定向,6399.9748,12,1799.987,87.2
678,定向,6399.9748,12,1799.987,87.2
679,定向,6399.9748,12,1799.987,87.2
680,定向,6399.9748,12,1799.987,87.2
681,定向,6399.9748,12,1799.987,87.2
682,定向,6399.9748,12,1799.987,87.2
683,定向,6399.9748,12,1799.987,87.2
684,定向,6399.9748,12,1799.987,87.2
685,定向,6399.9748,12,1799.987,87.2
686,定向,6399.9748,12,1799.987,87.2
687,定向,6399.9748,12,1799.987,87.2
688,定向,6399.9748,12,1799.987,87.2
689,定向,6399.9748,12,1799.987,87.2
690,定向,6399.9748,12,1799.987,87.2
691,定向,6399.9748,12,1799.987,87.2
692,定向,6399.9748,12,1799.987,87.2
693,定向,6399.9748,12,1799.987,87.2
694,定向,6399.9748,12,1799.987,87.2
695,定向,6399.9748,12,1799.987,87.2
696,定向,6399.9748,12,1799.987,87.2
697,定向,6399.9748,12,1799.987,87.2
698,定向,6399.9748,12,1799.987,87.2
699,定向,6399.9748,12,1799.987,87.2
700,定向,6399.9748,12,1799.987,87.2
701,定向,6399.9748,12,1799.987,87.2
702,定向,6399.9748,12,1799.987,87.2
703,定向,6399.9748,12,1799.987,87.2
704,定向,6399.9748,12,1799.987,87.2
705,定向,6399.9748,12,1799.987,87.2
706,定向,6399.9748,12,1799.987,87.2
707,定向,6399.9748,12,1799.987,87.2
708,定向,6399.9748,12,1799.987,87.2
709,定向,6399.9748,12,1799.987,87.2
710,定向,6399.9748,12,1799.987,87.2
711,定向,6399.9748,12,1799.987,87.2
712,定向,6399.9748,12,1799.987,87.2
713,定向,6399.9748,12,1799.987,87.2
714,定向,6399.9748,12,1799.987,87.2
715,定向,6399.9748,12,1799.987,87.2
716,定向,6399.9748,12,1799.987,87.2
717,定向,6399.9748,12,1799.987,87.2
718,定向,6399.9748,12,1799.987,87.2
719,定向,6399.9748,12,1799.987,87.2
720,定向,6399.9748,12,1799.987,87.2
721,定向,6399.9748,12,1799.987,87.2
722,定向,6399.9748,12,1799.987,87.2
723,定向,6387.3928,12,1793.696,87.2
724,定向,6387.3928,12,1793.696,87.2
725,定向,6387.3928,12,1793.696,87.2
726,定向,6387.3928,12,1793.696,87.2
727,定向,6387.3928,12,1793.696,87.2
728,定向,6387.3928,12,1793.696,87.2
729,定向,6387.3928,12,1793.696,87.2
730,定向,6387.3928,12,1793.696,87.2
731,定向,6387.3928,12,1793.696,87.2
732,定向,6387.3928,12,1793.696,87.2
733,定向,6387.3928,12,1793.696,87.2
734,定向,6387.3928,12,1793.696,87.2
735,定向,6387.3928,12,1793.696,87.2
736,定向,6387.3928,12,1793.696,87.2
737,定向,6387.3928,12,1793.696,87.2
738,定向,6387.3928,12,1793.696,87.2
739,定向,6387.3928,12,1793.696,87.2
740,定向,6387.3928,12,1793.696,87.2
741,定向,6387.3928,12,1793.696,87.2
742,定向,6387.3928,12,1793.696,87.2
743,定向,6387.3928,12,1793.696,87.2
744,定向,6387.3928,12,1793.696,87.2
745,定向,6387.3928,12,1793.696,87.2
746,定向,6387.3928,12,1793.696,87.2
747,定向,6387.3928,12,1793.696,87.2
748,定向,6387.3928,12,1793.696,87.2
749,定向,6387.3928,12,1793.696,87.2
750,定向,6387.3928,12,1793.696,87.2
751,定向,6387.3928,12,1793.696,87.2
752,定向,6387.3928,12,1793.696,87.2
753,定向,6387.3928,12,1793.696,87.2
754,定向,6387.3928,12,1793.696,87.2
755,定向,6380.7871,12,1797.394,87.27
756,定向,6380.7871,12,1797.394,87.27
757,定向,6380.7871,12,1797.394,87.27
758,定向,6380.7871,12,1797.394,87.27
759,定向,6380.7871,12,1797.394,87.27
760,定向,6380.7871,12,1797.394,87.27
761,定向,6380.7871,12,1797.394,87.27
762,定向,6380.7871,12,1797.394,87.27
763,定向,6380.7871,12,1797.394,87.27
764,定向,6380.7871,12,1797.394,87.27
765,定向,6380.7871,12,1797.394,87.27
766,定向,6380.7871,12,1797.394,87.27
767,定向,6380.7871,12,1797.394,87.27
768,定向,6380.7871,12,1797.394,87.27
769,定向,6380.7871,12,1797.394,87.27
770,定向,6380.7871,12,1797.394,87.27
771,定向,6380.7871,12,1797.394,87.27
772,定向,6380.7871,12,1797.394,87.27
773,定向,6380.7871,12,1797.394,87.27
774,定向,6380.7871,12,1797.394,87.27
775,定向,6380.7871,12,1797.394,87.27
776,定向,6380.7871,12,1797.394,87.27
777,定向,6380.7871,12,1797.394,87.27
778,定向,6380.7871,12,1797.394,87.27
779,定向,6380.7871,12,1797.394,87.27
780,定向,6380.7871,12,1797.394,87.27
781,定向,6380.7871,12,1797.394,87.27
782,定向,6380.7871,12,1797.394,87.27
783,定向,6380.7871,12,1797.394,87.27
784,定向,6380.7871,12,1797.394,87.27
785,定向,6380.7871,12,1797.394,87.27
786,定向,6380.7871,12,1797.394,87.27
787,定向,6380.7871,12,1797.394,87.27
788,定向,6380.7871,12,1797.394,87.27
789,定向,6380.7871,12,1797.394,87.27
790,定向,6380.7871,12,1797.394,87.27
791,定向,6380.7871,12,1797.394,87.27
792,定向,6380.7871,12,1797.394,87.27
793,定向,6380.7871,12,1797.394,87.27
794,定向,6380.7871,12,1797.394,87.27
795,定向,6380.7871,12,1797.394,87.27
796,定向,6380.7871,12,1797.394,87.27
797,定向,6380.7871,12,1797.394,87.27
798,定向,6380.7871,12,1797.394,87.27
799,定向,6380.7871,12,1797.394,87.27
800,定向,6380.7871,12,1797.394,87.27
801,定向,6380.7871,12,1797.394,87.27
802,定向,6380.7871,12,1797.394,87.27
803,定向,6380.7871,12,1797.394,87.27
804,定向,6380.7871,12,1797.394,87.27
805,定向,6380.7871,12,1797.394,87.27
806,定向,6380.7871,12,1797.394,87.27
807,定向,6380.7871,12,1797.394,87.27
808,定向,6380.7871,12,1797.394,87.27
809,定向,6380.7871,12,1797.394,87.27
810,定向,6380.7871,12,1797.394,87.27
811,定向,6380.7871,12,1797.394,87.27
812,定向,6380.7871,12,1797.394,87.27
813,定向,6380.7871,12,1797.394,87.27
814,定向,6380.7871,12,1797.394,87.27
815,定向,6380.7871,12,1797.394,87.27
816,定向,6380.7871,12,1797.394,87.27
817,定向,6380.7871,12,1797.394,87.27
818,定向,6380.7871,12,1797.394,87.27
819,定向,6380.7871,12,1797.394,87.27
820,定向,6380.7871,12,1797.394,87.27
821,定向,6380.7871,12,1797.394,87.27
822,定向,6380.7871,12,1797.394,87.27
823,定向,6380.7871,12,1797.394,87.27
824,定向,6380.7871,12,1797.394,87.27
825,定向,6380.7871,12,1797.394,87.27
826,定向,6380.7871,12,1797.394,87.27
827,定向,6380.7871,12,1797.394,87.27
828,定向,6380.7871,12,1797.394,87.27
829,定向,6380.7871,12,1797.394,87.27
830,定向,6380.7871,12,1797.394,87.27
831,定向,6380.7871,12,1797.394,87.27
832,定向,6380.7871,12,1797.394,87.27
833,定向,6380.7871,12,1797.394,87.27
834,定向,6380.7871,12,1797.394,87.27
835,定向,6380.7871,12,1797.394,87.27
836,定向,6380.7871,12,1797.394,87.27
837,定向,6380.7871,12,1797.394,87.27
838,定向,6380.7871,12,1797.394,87.27
839,定向,6380.7871,12,1797.394,87.27
840,定向,6380.7871,12,1797.394,87.27
841,定向,6380.7871,12,1797.394,87.27
842,定向,6380.7871,12,1797.394,87.27
843,定向,6380.7871,12,1797.394,87.27
844,定向,6380.7871,12,1797.394,87.27
845,定向,6380.7871,12,1797.394,87.27
846,定向,6380.7871,12,1797.394,87.27
847,定向,6380.7871,12,1797.394,87.27
848,定向,6380.7871,12,1797.394,87.27
849,定向,6380.7871,12,1797.394,87.27
850,定向,6380.7871,12,1797.394,87.27
851,定向,6380.7871,12,1797.394,87.27
852,定向,6380.7871,12,1797.394,87.27
853,定向,6380.7871,12,1797.394,87.27
854,定向,6380.7871,12,1797.394,87.27
855,定向,6380.7871,12,1797.394,87.27
856,定向,6380.7871,12,1797.394,87.27
857,定向,6380.7871,12,1797.394,87.27
858,定向,6380.7871,12,1797.394,87.27
859,定向,6380.7871,12,1797.394,87.27
860,定向,6380.7871,12,1797.394,87.27
861,定向,6380.7871,12,1797.394,87.27
862,定向,6380.7871,12,1797.394,87.27
863,定向,6380.7871,12,1797.394,87.27
864,定向,6380.7871,12,1797.394,87.27
865,定向,6380.7871,12,1797.394,87.27
866,定向,6380.7871,12,1797.394,87.27
867,定向,6380.7871,12,1797.394,87.27
868,定向,6380.7871,12,1797.394,87.27
869,定向,6380.7871,12,1797.394,87.27
870,定向,6380.7871,12,1797.394,87.27
871,定向,6380.7871,12,1797.394,87.27
872,定向,6380.7871,12,1797.394,87.27
873,定向,6380.7871,12,1797.394,87.27
874,定向,6380.7871,12,1797.394,87.27
875,定向,6380.7871,12,1797.394,87.27
876,定向,6380.7871,12,1797.394,87.27
877,定向,6380.7871,12,1797.394,87.27
878,定向,6380.7871,12,1797.394,87.27
879,定向,6380.7871,12,1797.394,87.27
880,定向,6380.7871,12,1797.394,87.27
881,定向,6380.7871,12,1797.394,87.27
882,定向,6380.7871,12,1797.394,87.27
883,定向,6380.7871,12,1797.394,87.27
884,定向,6380.7871,12,1797.394,87.27
885,定向,6380.7871,12,1797.394,87.27
886,定向,6380.7871,12,1797.394,87.27
887,定向,6380.7871,12,1797.394,87.27
888,定向,6380.7871,12,1797.394,87.27
889,定向,6380.7871,12,1797.394,87.27
890,定向,6380.7871,12,1797.394,87.27
891,定向,6380.7871,12,1797.394,87.27
892,定向,6380.7871,12,1797.394,87.27
893,定向,6380.7871,12,1797.394,87.27
894,定向,6380.7871,12,1797.394,87.27
895,定向,6380.7871,12,1797.394,87.27
896,定向,6380.7871,12,1797.394,87.27
897,定向,6380.7871,12,1797.394,87.27
898,定向,6380.7871,12,1797.394,87.27
899,定向,6380.7871,12,1797.394,87.27
900,定向,6380.7871,12,1797.394,87.27
901,定向,6380.7871,12,1797.394,87.27
902,定向,6380.7871,12,1797.394,87.27
903,定向,6380.7871,12,1797.394,87.27
904,定向,6380.7871,12,1797.394,87.27
905,定向,6380.7871,12,1797.394,87.27
906,定向,6380.7871,12,1797.394,87.27
907,定向,6380.7871,12,1797.394,87.27
908,定向,6380.7871,12,1797.394,87.27
909,定向,6380.7871,12,1797.394,87.27
910,定向,6380.7871,12,1797.394,87.27
911,定向,6380.7871,12,1797.394,87.27
912,定向,6380.7871,12,1797.394,87.27
913,定向,6380.7871,12,1797.394,87.27
914,定向,6380.7871,12,1797.394,87.27
915,定向,6380.7871,12,1797.394,87.27
916,定向,6380.7871,12,1797.394,87.27
917,定向,6380.7871,12,1797.394,87.27
918,定向,6380.7871,12,1797.394,87.27
919,定向,6380.7871,12,1797.394,87.27
920,定向,6380.7871,12,1797.394,87.27
921,定向,6380.7871,12,1797.394,87.27
922,定向,6380.7871,12,1797.394,87.27
923,定向,6380.7871,12,1797.394,87.27
924,定向,6380.7871,12,1797.394,87.27
925,定向,6380.7871,12,1797.394,87.27
926,定向,6380.7871,12,1797.394,87.27
927,定向,6380.7871,12,1797.394,87.27
928,定向,6380.7871,12,1797.394,87.27
929,定向,6380.7871,12,1797.394,87.27
930,定向,6380.7871,12,1797.394,87.27
931,定向,6380.7871,12,1797.394,87.27
932,定向,6380.7871,12,1797.394,87.27
933,定向,6380.7871,12,1797.394,87.27
934,定向,6380.7871,12,1797.394,87.27
935,定向,6380.7871,12,1797.394,87.27
936,定向,6380.7871,12,1797.394,87.27
937,定向,6380.7871,12,1797.394,87.27
938,定向,6380.7871,12,1797.394,87.27
939,定向,6380.7871,12,1797.394,87.27
940,定向,6380.7871,12,1797.394,87.27
941,定向,6380.7871,12,1797.394,87.27
942,定向,6380.7871,12,1797.394,87.27
943,定向,6380.7871,12,1797.394,87.27
944,定向,6380.7871,12,1797.394,87.27
945,定向,6380.7871,12,1797.394,87.27
946,定向,6380.7871,12,1797.394,87.27
947,定向,6380.7871,12,1797.394,87.27
948,定向,6380.7871,12,1797.394,87.27
949,定向,6380.7871,12,1797.394,87.27
950,定向,6380.7871,12,1797.394,87.27
951,定向,6380.7871,12,1797.394,87.27
952,定向,6380.7871,12,1797.394,87.27
953,定向,6380.7871,12,1797.394,87.27
954,定向,6380.7871,12,1797.394,87.27
955,定向,6380.7871,12,1797.394,87.27
956,定向,6380.7871,12,1797.394,87.27
957,定向,6380.7871,12,1797.394,87.27
958,定向,6380.7871,12,1797.394,87.27
959,定向,6380.7871,12,1797.394,87.27
960,定向,6380.7871,12,1797.394,87.27
961,定向,6380.7871,12,1797.394,87.27
962,定向,6380.7871,12,1797.394,87.27
963,定向,6380.7871,12,1797.394,87.27
964,定向,6380.7871,12,1797.394,87.27
965,定向,6380.7871,12,1797.394,87.27
966,定向,6380.7871,12,1797.394,87.27
967,定向,6380.7871,12,1797.394,87.27
968,定向,6380.7871,12,1797.394,87.27
969,定向,6380.7871,12,1797.394,87.27
970,定向,6380.7871,12,1797.394,87.27
971,定向,6380.7871,12,1797.394,87.27
972,定向,6380.7871,12,1797.394,87.27
973,定向,6380.7871,12,1797.394,87.27
974,定向,6380.7871,12,1797.394,87.27
975,定向,6380.7871,12,1797.394,87.27
976,定向,6380.7871,12,1797.394,87.27
977,定向,6380.7871,12,1797.394,87.27
978,定向,6380.7871,12,1797.394,87.27
979,定向,6380.7871,12,1797.394,87.27
980,定向,6380.7871,12,1797.394,87.27
981,定向,6380.7871,12,1797.394,87.27
982,定向,6380.7871,12,1797.394,87.27
983,定向,6380.7871,12,1797.394,87.27
984,定向,6380.7871,12,1797.394,87.27
985,定向,6380.7871,12,1797.394,87.27
986,定向,6380.7871,12,1797.394,87.27
987,定向,6380.7871,12,1797.394,87.27
988,定向,6380.7871,12,1797.394,87.27
989,定向,6380.7871,12,1797.394,87.27
990,定向,6380.7871,12,1797.394,87.27
991,定向,6380.7871,12,1797.394,87.27
992,定向,6380.7871,12,1797.394,87.27
993,定向,6380.7871,12,1797.394,87.27
994,定向,6380.7871,12,1797.394,87.27
995,定向,6380.7871,12,1797.394,87.27
996,定向,6380.7871,12,1797.394,87.27
997,定向,6380.7871,12,1797.394,87.27
998,定向,6380.7871,12,1797.394,87.27
999,定向,6380.7871,12,1797.394,87.27
1000,定向,6380.7871,12,1797.394,87.27
